replay_id,channel,rank,windows_used,responsive_threshold,flow_ip_src,flow_ip_dst,flow_udp_sport,flow_udp_dport,frame_len,offset,width,encoding,delta_view,score,sine_cycles,responsiveness,affine_scale,affine_offset
16_x,x,1,3,10853.707595060265,192.168.1.6,192.168.1.14,52428,60376,152,38,2,int16_le,False,0.12633090565531088,2.0,5439.3446597627035,-2.7216423742526637e-06,0.00393033018173475
16_x,x,2,3,10853.707595060265,192.168.1.6,192.168.1.14,52428,60376,152,38,2,uint16_le,False,0.11750529310977938,1.0,5439.3446597627035,-3.1045965014663087e-07,0.010413208285098735
16_x,x,3,3,10853.707595060265,192.168.1.6,192.168.1.14,52428,60376,152,38,4,uint32_be,False,0.10615343868028097,1.0,2719.6723298813517,-2.7342033770495105e-11,0.05942237887474112
16_x,x,4,3,10853.707595060265,192.168.1.6,192.168.1.14,52428,60376,152,38,2,uint16_be,False,0.10615343371310747,1.0,5439.3446597627035,-1.7918874347899612e-06,0.059422164763228175
16_x,x,5,3,10853.707595060265,192.168.1.6,192.168.1.14,52428,60376,152,38,4,int32_be,False,0.10261544296134596,2.0,2719.6723298813517,2.3884488226336118e-11,-0.00037423294483128684
16_x,x,6,3,10853.707595060265,192.168.1.6,192.168.1.14,52428,60376,152,38,2,int16_be,False,0.10261541636684797,2.0,5439.3446597627035,1.5652939619015123e-06,-0.00037404856120763986
16_x,x,7,3,10853.707595060265,192.168.1.6,192.168.1.14,52428,60376,152,38,2,int16_be,True,0.09149273605174872,3.0,5439.3446597627035,1.1943822086874775e-08,-0.00042104432144908336
16_x,x,8,3,10853.707595060265,192.168.1.6,192.168.1.14,52428,60376,152,38,4,int32_be,True,0.091492733321762,3.0,2719.6723298813517,1.8224791765716543e-13,-0.0004210443178242367
16_x,x,9,3,10853.707595060265,192.168.1.6,192.168.1.14,52428,60376,152,38,4,uint32_be,True,0.08902600991575221,3.0,2719.6723298813517,-2.643695492416079e-13,-0.0004224909934507711
16_x,x,10,3,10853.707595060265,192.168.1.6,192.168.1.14,52428,60376,152,38,2,uint16_be,True,0.08902600399538206,3.0,5439.3446597627035,-1.732570115387669e-08,-0.0004224909876827766
16_x,x,11,3,10853.707595060265,192.168.1.6,192.168.1.14,52428,60376,152,38,2,int16_le,True,0.08816406134757537,2.0,5439.3446597627035,-7.041400610218447e-10,-0.00028028876311213
16_x,x,12,3,10853.707595060265,192.168.1.6,192.168.1.14,52428,60376,152,38,2,uint16_le,True,0.08776189989082804,2.0,5439.3446597627035,9.955820921042346e-09,-0.00028080319436305445
16_x,x,13,3,10853.707595060265,192.168.1.6,192.168.1.14,52428,60376,152,38,4,float32_le,True,0.04559034123393574,3.0,2719.6723298813517,0.03162466831152904,-0.00044082193950282193
16_x,x,14,3,10853.707595060265,192.168.1.6,192.168.1.14,52428,60376,152,38,4,int32_le,True,0.04559034123393574,3.0,2719.6723298813517,-7.539908483392965e-09,-0.0004408219395028263
16_x,x,15,3,10853.707595060265,192.168.1.6,192.168.1.14,52428,60376,152,38,4,uint32_le,True,0.04559034123393574,3.0,2719.6723298813517,-7.539908483392965e-09,-0.0004408219395028263
16_x,x,16,3,10853.707595060265,192.168.1.6,192.168.1.14,52428,60376,152,38,4,float32_le,False,0.012951354947406499,2.0,2719.6723298813517,-0.0014743576777955473,-0.003638042595006322
16_x,x,17,3,10853.707595060265,192.168.1.6,192.168.1.14,52428,60376,152,38,4,uint32_le,False,0.012951354947406499,2.0,2719.6723298813517,3.515142625972844e-10,-1.1329960236890253
16_x,x,18,3,10853.707595060265,192.168.1.6,192.168.1.14,52428,60376,152,38,4,int32_le,False,0.012951354947406485,2.0,2719.6723298813517,3.515142626344874e-10,0.37674623828374054
16_y,y,1,3,10356.479634438758,192.168.1.6,192.168.1.14,52428,60376,152,42,2,int16_le,False,0.11633885327827277,2.0,5412.9480514340175,1.8458698841565709e-07,0.0002880082314529446
16_y,y,2,3,10356.479634438758,192.168.1.6,192.168.1.14,52428,60376,152,42,2,uint16_le,False,0.10919894730685387,2.0,5412.9480514340175,-8.078808193764708e-07,0.02719019740558701
16_y,y,3,3,10356.479634438758,192.168.1.6,192.168.1.14,52428,60376,152,42,2,int16_be,False,0.09543287299003757,2.0,5412.9480514340175,-1.9349022708082844e-06,-0.0018972408900427761
16_y,y,4,3,10356.479634438758,192.168.1.6,192.168.1.14,52428,60376,152,42,4,int32_be,False,0.09543286013705445,2.0,2706.4740257170088,-2.9524257798185425e-11,-0.0018969837545839059
16_y,y,5,3,10356.479634438758,192.168.1.6,192.168.1.14,52428,60376,152,42,2,int16_le,True,0.0922836564981771,3.0,5412.9480514340175,-1.9155079288499432e-08,-0.0004306270444372462
16_y,y,6,3,10356.479634438758,192.168.1.6,192.168.1.14,52428,60376,152,42,4,uint32_be,False,0.09154550197646856,1.0,2706.4740257170088,1.257316478691314e-13,-0.0002718012431572034
16_y,y,7,3,10356.479634438758,192.168.1.6,192.168.1.14,52428,60376,152,42,2,uint16_be,False,0.09154548863239402,1.0,5412.9480514340175,8.240385425563911e-09,-0.00027181453698171647
16_y,y,8,3,10356.479634438758,192.168.1.6,192.168.1.14,52428,60376,152,42,2,uint16_be,True,0.0873911663012863,3.0,5412.9480514340175,-7.885484033124381e-09,-0.00042879726642640147
16_y,y,9,3,10356.479634438758,192.168.1.6,192.168.1.14,52428,60376,152,42,4,uint32_be,True,0.08739116576329593,3.0,2706.4740257170088,-1.203223744692832e-13,-0.0004287972617311708
16_y,y,10,3,10356.479634438758,192.168.1.6,192.168.1.14,52428,60376,152,42,2,int16_be,True,0.08581233188590275,3.0,5412.9480514340175,-1.1403833871222405e-09,-0.0004281782499156051
16_y,y,11,3,10356.479634438758,192.168.1.6,192.168.1.14,52428,60376,152,42,4,int32_be,True,0.08581233153110972,3.0,2706.4740257170088,-1.7400276794357162e-14,-0.00042817825079904243
16_y,y,12,3,10356.479634438758,192.168.1.6,192.168.1.14,52428,60376,152,42,2,uint16_le,True,0.08564379637771098,1.0,5412.9480514340175,5.176774602279615e-09,-0.00014333477100351158
16_y,y,13,3,10356.479634438758,192.168.1.6,192.168.1.14,52428,60376,152,42,4,float32_le,True,0.04724690826558273,3.0,2706.4740257170088,0.024025853526733414,-0.0004525571637221999
16_y,y,14,3,10356.479634438758,192.168.1.6,192.168.1.14,52428,60376,152,42,4,int32_le,True,0.04724690826558273,3.0,2706.4740257170088,5.728209859546045e-09,-0.0004525571637221999
16_y,y,15,3,10356.479634438758,192.168.1.6,192.168.1.14,52428,60376,152,42,4,uint32_le,True,0.04724690826558273,3.0,2706.4740257170088,5.728209859546045e-09,-0.0004525571637221999
16_y,y,16,3,10356.479634438758,192.168.1.6,192.168.1.14,52428,60376,152,42,4,float32_le,False,0.0126747002218372,3.0,2706.4740257170088,0.0296982746750625,-0.075274845763163
16_y,y,17,3,10356.479634438758,192.168.1.6,192.168.1.14,52428,60376,152,42,4,int32_le,False,0.012674700221837198,3.0,2706.4740257170088,7.080620449797554e-09,-7.61863661323037
16_y,y,18,3,10356.479634438758,192.168.1.6,192.168.1.14,52428,60376,152,42,4,uint32_le,False,0.012674700221837198,3.0,2706.4740257170088,7.080620449797554e-09,-7.61863661323037
16_z,z,1,3,10999.856222437114,192.168.1.6,192.168.1.14,52428,60376,152,46,2,int16_le,False,0.13263660586458942,1.0,5645.704261522781,-6.359483335178743e-07,0.00047725849784909874
16_z,z,2,3,10999.856222437114,192.168.1.6,192.168.1.14,52428,60376,152,46,2,int16_be,False,0.12056170786699018,3.0,5645.704261522781,4.3732093199526575e-06,-0.0005072018968201532
16_z,z,3,3,10999.856222437114,192.168.1.6,192.168.1.14,52428,60376,152,46,4,int32_be,False,0.12056157955690917,3.0,2822.8521307613905,6.672968965453721e-11,-0.0005096362567041469
16_z,z,4,3,10999.856222437114,192.168.1.6,192.168.1.14,52428,60376,152,46,4,uint32_be,False,0.10077316533714993,2.0,2822.8521307613905,-4.961239071316199e-11,0.10776761782622502
16_z,z,5,3,10999.856222437114,192.168.1.6,192.168.1.14,52428,60376,152,46,2,uint16_be,False,0.10077253289792404,2.0,5645.704261522781,-3.2513803641675468e-06,0.10776523432918157
16_z,z,6,3,10999.856222437114,192.168.1.6,192.168.1.14,52428,60376,152,46,2,uint16_le,False,0.09962045490759107,1.0,5645.704261522781,1.7835728052119197e-06,-0.05690223342227597
16_z,z,7,3,10999.856222437114,192.168.1.6,192.168.1.14,52428,60376,152,46,4,int32_le,True,0.09517858755401493,2.0,2822.8521307613905,-1.659080457414174e-12,-0.0003027757968013773
16_z,z,8,3,10999.856222437114,192.168.1.6,192.168.1.14,52428,60376,152,46,4,uint32_le,True,0.09484887154119685,2.0,2822.8521307613905,1.6416658810908522e-12,-0.0003024188319251804
16_z,z,9,3,10999.856222437114,192.168.1.6,192.168.1.14,52428,60376,152,46,2,uint16_be,True,0.09251409096865815,3.0,5645.704261522781,-6.650612623464281e-09,-0.00042836053823529186
16_z,z,10,3,10999.856222437114,192.168.1.6,192.168.1.14,52428,60376,152,46,4,uint32_be,True,0.09251405006935502,3.0,2822.8521307613905,-1.0147773154895689e-13,-0.0004283605243122902
16_z,z,11,3,10999.856222437114,192.168.1.6,192.168.1.14,52428,60376,152,46,4,int32_be,True,0.0913489056269459,3.0,2822.8521307613905,4.4082233036514587e-13,-0.00043061382659913603
16_z,z,12,3,10999.856222437114,192.168.1.6,192.168.1.14,52428,60376,152,46,2,int16_be,True,0.09134884572539027,3.0,5645.704261522781,2.888959693385627e-08,-0.00043061377044172674
16_z,z,13,3,10999.856222437114,192.168.1.6,192.168.1.14,52428,60376,152,46,2,int16_le,True,0.08653459644612006,3.0,5645.704261522781,7.729572804895334e-09,-0.0004287656667690869
16_z,z,14,3,10999.856222437114,192.168.1.6,192.168.1.14,52428,60376,152,46,2,uint16_le,True,0.08318171726878157,3.0,5645.704261522781,9.166499008148551e-10,-0.00042818825161209734
16_z,z,15,3,10999.856222437114,192.168.1.6,192.168.1.14,52428,60376,152,46,4,float32_le,True,0.04195583734570274,3.0,2822.8521307613905,-0.018339906076111467,-0.000445294180469461
16_z,z,16,3,10999.856222437114,192.168.1.6,192.168.1.14,52428,60376,152,46,4,int32_le,False,0.01678497000182747,3.0,2822.8521307613905,4.7984060702855646e-12,0.000885639734901406
16_z,z,17,3,10999.856222437114,192.168.1.6,192.168.1.14,52428,60376,152,46,4,uint32_le,False,0.016723295683044783,3.0,2822.8521307613905,-4.68835885212711e-12,0.010659449468923617
16_z,z,18,3,10999.856222437114,192.168.1.6,192.168.1.14,52428,60376,152,46,4,float32_le,False,0.010071588377058438,2.0,2822.8521307613905,-0.0047506854221477995,-0.0003897474056048421
16_i,i,1,3,11760.131778970263,192.168.1.6,192.168.1.14,52428,60376,152,51,4,uint32_le,False,0.12820558000965807,2.0,3210.38280495214,9.807745646244323e-13,-0.002104204790546583
16_i,i,2,3,11760.131778970263,192.168.1.6,192.168.1.14,52428,60376,152,51,4,int32_le,False,0.12395617223621098,2.0,3210.38280495214,2.414286073081786e-11,-0.0016950196289092967
16_i,i,3,3,11760.131778970263,192.168.1.6,192.168.1.14,52428,60376,152,51,4,float32_le,False,0.10259366874916719,2.0,3210.38280495214,9.023061107338394e-40,0.0005166098218557403
16_i,i,4,3,11760.131778970263,192.168.1.6,192.168.1.14,52428,60376,152,51,4,int32_be,False,0.0924594008400239,2.0,3210.38280495214,-4.3915973218679345e-11,0.0021106843028749827
16_i,i,5,3,11760.131778970263,192.168.1.6,192.168.1.14,52428,60376,152,51,2,int16_be,False,0.0924594001599258,2.0,6420.76560990428,-2.878077214276016e-06,0.002109925446953264
16_i,i,6,3,11760.131778970263,192.168.1.6,192.168.1.14,52428,60376,152,51,4,uint32_le,True,0.09154428493729182,2.0,3210.38280495214,-3.9226680846981235e-14,-0.0002644322110385307
16_i,i,7,3,11760.131778970263,192.168.1.6,192.168.1.14,52428,60376,152,51,2,uint16_be,False,0.08751295348749373,1.0,6420.76560990428,5.278882196466549e-07,-0.016785561179629867
16_i,i,8,3,11760.131778970263,192.168.1.6,192.168.1.14,52428,60376,152,51,4,uint32_be,False,0.08751295218802373,1.0,3210.38280495214,8.054935953975407e-12,-0.016785702370117964
16_i,i,9,3,11760.131778970263,192.168.1.6,192.168.1.14,52428,60376,152,51,4,int32_le,True,0.08643960732155825,2.0,3210.38280495214,1.1486377041256841e-13,-0.00026484264447672643
16_i,i,10,3,11760.131778970263,192.168.1.6,192.168.1.14,52428,60376,152,51,4,uint32_be,True,0.08476634701315792,3.0,3210.38280495214,4.474257381993247e-14,-0.00039640633074217825
16_i,i,11,3,11760.131778970263,192.168.1.6,192.168.1.14,52428,60376,152,51,2,uint16_be,True,0.08476634700214576,3.0,6420.76560990428,2.932249361463992e-09,-0.0003964063307505785
16_i,i,12,3,11760.131778970263,192.168.1.6,192.168.1.14,52428,60376,152,51,4,float32_le,True,0.0843439953016805,3.0,3210.38280495214,-7.097743051846451e-43,-0.0003962420738257607
16_i,i,13,3,11760.131778970263,192.168.1.6,192.168.1.14,52428,60376,152,51,4,int32_be,True,0.08238324119846106,2.0,3210.38280495214,-1.343241647842244e-13,-0.0002647338833691101
16_i,i,14,3,11760.131778970263,192.168.1.6,192.168.1.14,52428,60376,152,51,2,int16_be,True,0.08238324080851159,2.0,6420.76560990428,-8.803068264539133e-09,-0.00026473388334245427
16_i,i,15,3,11760.131778970263,192.168.1.6,192.168.1.14,52428,60376,152,51,2,int16_le,True,0.05252111810601365,3.0,6420.76560990428,5.073051667763933e-07,-0.00039873600527591643
16_i,i,16,3,11760.131778970263,192.168.1.6,192.168.1.14,52428,60376,152,51,2,uint16_le,True,0.05252111810601365,3.0,6420.76560990428,5.073051667763933e-07,-0.00039873600527591643
16_i,i,17,3,11760.131778970263,192.168.1.6,192.168.1.14,52428,60376,152,51,2,int16_le,False,0.02082820419740187,3.0,6420.76560990428,3.921247552690533e-06,0.09191626107787114
16_i,i,18,3,11760.131778970263,192.168.1.6,192.168.1.14,52428,60376,152,51,2,uint16_le,False,0.02082820419740187,3.0,6420.76560990428,3.9212475526904966e-06,-0.16506661853525398
16_k,k,1,3,11101.350783159798,192.168.1.6,192.168.1.14,52428,60376,152,58,4,int32_le,True,0.0932427820579469,2.0,2946.122833861478,-3.738554419750761e-11,-0.0002335845154658599
16_k,k,2,3,11101.350783159798,192.168.1.6,192.168.1.14,52428,60376,152,58,4,uint32_le,True,0.0932427820579469,2.0,2946.122833861478,-3.738554419750761e-11,-0.0002335845154658599
16_k,k,3,3,11101.350783159798,192.168.1.6,192.168.1.14,52428,60376,152,58,4,float32_le,True,0.09116158631514458,2.0,2946.122833861478,-9.194818579100066e-06,-0.00023908456671165395
16_k,k,4,3,11101.350783159798,192.168.1.6,192.168.1.14,52428,60376,152,58,2,uint16_le,True,0.08328544750886564,2.0,5892.245667722956,1.1167209408672247e-09,-0.00022551213795031939
16_k,k,5,3,11101.350783159798,192.168.1.6,192.168.1.14,52428,60376,152,58,4,uint32_be,True,0.08319916292060471,2.0,2946.122833861478,1.2549100507996083e-13,-0.0002264691031056312
16_k,k,6,3,11101.350783159798,192.168.1.6,192.168.1.14,52428,60376,152,58,2,uint16_be,True,0.08319908838649669,2.0,5892.245667722956,8.224174608672497e-09,-0.00022646910388116181
16_k,k,7,3,11101.350783159798,192.168.1.6,192.168.1.14,52428,60376,152,58,2,int16_be,True,0.08050283097808292,2.0,5892.245667722956,-7.156382959055675e-09,-0.0002260146644173543
16_k,k,8,3,11101.350783159798,192.168.1.6,192.168.1.14,52428,60376,152,58,4,int32_be,True,0.08050282887228545,2.0,2946.122833861478,-1.0919770577254488e-13,-0.00022601466533803228
16_k,k,9,3,11101.350783159798,192.168.1.6,192.168.1.14,52428,60376,152,58,2,int16_le,False,0.07787017879399659,2.0,5892.245667722956,-1.9931732256046384e-06,0.005366120616634096
16_k,k,10,3,11101.350783159798,192.168.1.6,192.168.1.14,52428,60376,152,58,2,int16_le,True,0.0777245798181788,3.0,5892.245667722956,-6.223292531828759e-09,-0.00033810765910870835
16_k,k,11,3,11101.350783159798,192.168.1.6,192.168.1.14,52428,60376,152,58,2,uint16_be,False,0.0759772966888674,3.0,5892.245667722956,-1.6190342019786866e-06,0.051708837828454736
16_k,k,12,3,11101.350783159798,192.168.1.6,192.168.1.14,52428,60376,152,58,4,uint32_be,False,0.07597721663717763,3.0,2946.122833861478,-2.4704516431286768e-11,0.0517097084593512
16_k,k,13,3,11101.350783159798,192.168.1.6,192.168.1.14,52428,60376,152,58,4,int32_be,False,0.07382836251854048,1.0,2946.122833861478,2.6121942099382312e-11,-0.0012740149263510575
16_k,k,14,3,11101.350783159798,192.168.1.6,192.168.1.14,52428,60376,152,58,2,int16_be,False,0.0738281668924746,1.0,5892.245667722956,1.7119209004923045e-06,-0.0012731226893398485
16_k,k,15,3,11101.350783159798,192.168.1.6,192.168.1.14,52428,60376,152,58,2,uint16_le,False,0.0727443459775758,1.0,5892.245667722956,1.156073981477495e-06,-0.03521602680803489
16_k,k,16,3,11101.350783159798,192.168.1.6,192.168.1.14,52428,60376,152,58,4,int32_le,False,0.03295868567726591,3.0,2946.122833861478,1.8580594051012682e-10,-0.20685844672502127
16_k,k,17,3,11101.350783159798,192.168.1.6,192.168.1.14,52428,60376,152,58,4,uint32_le,False,0.03295868567726591,3.0,2946.122833861478,1.8580594051012682e-10,-0.20685844672502127
16_k,k,18,3,11101.350783159798,192.168.1.6,192.168.1.14,52428,60376,152,58,4,float32_le,False,0.01914164361710216,3.0,2946.122833861478,2.047618027636279e-05,-0.0036507061094138656
16_left_x,left_x,1,3,10532.124878878945,192.168.1.6,192.168.1.14,52428,60376,152,62,2,uint16_le,False,0.10533424503562668,1.0,5583.5019013725905,3.2706158932866854e-07,-0.010529968898768624
16_left_x,left_x,2,3,10532.124878878945,192.168.1.6,192.168.1.14,52428,60376,152,62,2,uint16_be,False,0.10231425287418017,1.0,5583.5019013725905,-2.1534520407835536e-06,0.0678527348156675
16_left_x,left_x,3,3,10532.124878878945,192.168.1.6,192.168.1.14,52428,60376,152,62,4,uint32_be,False,0.10231422625007432,1.0,2791.7509506862953,-3.285906671545892e-11,0.06785316508732288
16_left_x,left_x,4,3,10532.124878878945,192.168.1.6,192.168.1.14,52428,60376,152,62,2,uint16_le,True,0.08962035840034599,3.0,5583.5019013725905,-2.1657293847955373e-08,-0.00044280086711004715
16_left_x,left_x,5,3,10532.124878878945,192.168.1.6,192.168.1.14,52428,60376,152,62,4,int32_be,True,0.08709642361374864,3.0,2791.7509506862953,-2.571467274629474e-13,-0.0004425655886913236
16_left_x,left_x,6,3,10532.124878878945,192.168.1.6,192.168.1.14,52428,60376,152,62,2,int16_be,True,0.08709640536914424,3.0,5583.5019013725905,-1.685233035660307e-08,-0.00044256557966159635
16_left_x,left_x,7,3,10532.124878878945,192.168.1.6,192.168.1.14,52428,60376,152,62,2,int16_le,True,0.08704442578219157,3.0,5583.5019013725905,1.0459168510057279e-08,-0.0004410827245098507
16_left_x,left_x,8,3,10532.124878878945,192.168.1.6,192.168.1.14,52428,60376,152,62,2,int16_be,False,0.08615327911508304,1.0,5583.5019013725905,1.9393017987198147e-06,-0.00042793822094879485
16_left_x,left_x,9,3,10532.124878878945,192.168.1.6,192.168.1.14,52428,60376,152,62,4,int32_be,False,0.08615326858013299,1.0,2791.7509506862953,2.959138399912257e-11,-0.0004283324533055009
16_left_x,left_x,10,3,10532.124878878945,192.168.1.6,192.168.1.14,52428,60376,152,62,2,uint16_be,True,0.08541250865549911,2.0,5583.5019013725905,2.6339894817470113e-09,-0.00029417579749258497
16_left_x,left_x,11,3,10532.124878878945,192.168.1.6,192.168.1.14,52428,60376,152,62,4,uint32_be,True,0.08541250793772077,2.0,2791.7509506862953,4.0191045074002156e-14,-0.0002941757964682196
16_left_x,left_x,12,3,10532.124878878945,192.168.1.6,192.168.1.14,52428,60376,152,62,2,int16_le,False,0.08407390805604058,2.0,5583.5019013725905,1.3274086296564608e-06,0.00033877395112327585
16_left_x,left_x,13,3,10532.124878878945,192.168.1.6,192.168.1.14,52428,60376,152,62,4,float32_le,True,0.05758837729138758,2.0,2791.7509506862953,0.010144198235025598,-0.000307153363949545
16_left_x,left_x,14,3,10532.124878878945,192.168.1.6,192.168.1.14,52428,60376,152,62,4,int32_le,True,0.05758837729138758,2.0,2791.7509506862953,-2.418565329319382e-09,-0.00030715336394954374
16_left_x,left_x,15,3,10532.124878878945,192.168.1.6,192.168.1.14,52428,60376,152,62,4,uint32_le,True,0.05758837729138758,2.0,2791.7509506862953,-2.418565329319382e-09,-0.00030715336394954374
16_left_x,left_x,16,3,10532.124878878945,192.168.1.6,192.168.1.14,52428,60376,152,62,4,uint32_le,False,0.019195377054209633,3.0,2791.7509506862953,2.078811954250851e-09,-6.703380103795969
16_left_x,left_x,17,3,10532.124878878945,192.168.1.6,192.168.1.14,52428,60376,152,62,4,float32_le,False,0.01919537705420963,3.0,2791.7509506862953,-0.008719169294953597,-0.024496423854929082
16_left_x,left_x,18,3,10532.124878878945,192.168.1.6,192.168.1.14,52428,60376,152,62,4,int32_le,False,0.01919537705420963,3.0,2791.7509506862953,2.0788119542477143e-09,2.2250492542419273
16_left_y,left_y,1,3,10946.678115977564,192.168.1.6,192.168.1.14,52428,60376,152,66,2,uint16_le,False,0.14403826447412707,1.0,5664.327003951075,3.595609096234193e-06,-0.11545014343247914
16_left_y,left_y,2,3,10946.678115977564,192.168.1.6,192.168.1.14,52428,60376,152,66,2,int16_le,False,0.14163511890518096,3.0,5664.327003951075,-4.4919837249195927e-07,-0.0003195814322552022
16_left_y,left_y,3,3,10946.678115977564,192.168.1.6,192.168.1.14,52428,60376,152,66,4,int32_be,False,0.13224268549178175,1.0,2832.1635019755377,5.226827701554573e-11,-5.4132248948766064e-05
16_left_y,left_y,4,3,10946.678115977564,192.168.1.6,192.168.1.14,52428,60376,152,66,2,int16_be,False,0.1322425021479727,1.0,5664.327003951075,3.425446470110311e-06,-5.2944659113517325e-05
16_left_y,left_y,5,3,10946.678115977564,192.168.1.6,192.168.1.14,52428,60376,152,66,2,int16_le,True,0.09224709079821714,3.0,5664.327003951075,-9.857089942354915e-09,-0.00042886555912344704
16_left_y,left_y,6,3,10946.678115977564,192.168.1.6,192.168.1.14,52428,60376,152,66,2,uint16_be,False,0.09024806955047565,1.0,5664.327003951075,-1.796008900748741e-06,0.05747592252720226
16_left_y,left_y,7,3,10946.678115977564,192.168.1.6,192.168.1.14,52428,60376,152,66,4,uint32_be,False,0.09024785903312305,1.0,2832.1635019755377,-2.7404782719013695e-11,0.05747625517949636
16_left_y,left_y,8,3,10946.678115977564,192.168.1.6,192.168.1.14,52428,60376,152,66,4,int32_be,True,0.08631183394672404,3.0,2832.1635019755377,2.6686525879205783e-13,-0.00042860661025905547
16_left_y,left_y,9,3,10946.678115977564,192.168.1.6,192.168.1.14,52428,60376,152,66,2,int16_be,True,0.08631178565671803,3.0,5664.327003951075,1.7489053463663505e-08,-0.0004286065731863614
16_left_y,left_y,10,3,10946.678115977564,192.168.1.6,192.168.1.14,52428,60376,152,66,2,uint16_le,True,0.08580312961525642,3.0,5664.327003951075,1.3223847134929533e-08,-0.0004287141857609856
16_left_y,left_y,11,3,10946.678115977564,192.168.1.6,192.168.1.14,52428,60376,152,66,2,uint16_be,True,0.0855583234078971,3.0,5664.327003951075,-4.321810599294383e-09,-0.0004281151178980253
16_left_y,left_y,12,3,10946.678115977564,192.168.1.6,192.168.1.14,52428,60376,152,66,4,uint32_be,True,0.0855583202069663,3.0,2832.1635019755377,-6.594243301495866e-14,-0.00042811511467879154
16_left_y,left_y,13,3,10946.678115977564,192.168.1.6,192.168.1.14,52428,60376,152,66,4,int32_le,True,0.0541694782419734,3.0,2832.1635019755377,7.14029839777963e-10,-0.00045011181397452423
16_left_y,left_y,14,3,10946.678115977564,192.168.1.6,192.168.1.14,52428,60376,152,66,4,uint32_le,True,0.0541694782419734,3.0,2832.1635019755377,7.14029839777963e-10,-0.00045011181397452423
16_left_y,left_y,15,3,10946.678115977564,192.168.1.6,192.168.1.14,52428,60376,152,66,4,float32_le,True,0.04323714799899601,3.0,2832.1635019755377,0.00558693613114393,-0.0004486391879398696
16_left_y,left_y,16,3,10946.678115977564,192.168.1.6,192.168.1.14,52428,60376,152,66,4,float32_le,False,0.01099630077138723,2.0,2832.1635019755377,0.002284900134395568,-0.004436753252354858
16_left_y,left_y,17,3,10946.678115977564,192.168.1.6,192.168.1.14,52428,60376,152,66,4,int32_le,False,0.00888473326446234,2.0,2832.1635019755377,3.281609979436954e-10,-0.35144677245185246
16_left_y,left_y,18,3,10946.678115977564,192.168.1.6,192.168.1.14,52428,60376,152,66,4,uint32_le,False,0.00888473326446234,2.0,2832.1635019755377,3.281609979436954e-10,-0.35144677245185246
16_left_z,left_z,1,3,11545.687836716528,192.168.1.6,192.168.1.14,52428,60376,152,72,2,int16_le,True,0.09737277529498549,1.0,6040.343652867984,-5.678085864548946e-08,-0.00015182890003088268
16_left_z,left_z,2,3,11545.687836716528,192.168.1.6,192.168.1.14,52428,60376,152,72,2,uint16_le,True,0.09708855168620573,1.0,6040.343652867984,5.665055764092341e-08,-0.0001517333356262036
16_left_z,left_z,3,3,11545.687836716528,192.168.1.6,192.168.1.14,52428,60376,152,72,4,int32_le,True,0.09708855168620573,1.0,3020.171826433992,5.665055764092341e-08,-0.0001517333356262036
16_left_z,left_z,4,3,11545.687836716528,192.168.1.6,192.168.1.14,52428,60376,152,72,4,uint32_le,True,0.09708855168620573,1.0,3020.171826433992,5.665055764092341e-08,-0.0001517333356262036
16_left_z,left_z,5,3,11545.687836716528,192.168.1.6,192.168.1.14,52428,60376,152,72,2,int16_be,True,0.08388603732433535,3.0,6040.343652867984,1.3686661468704457e-08,-0.0004287757028989655
16_left_z,left_z,6,3,11545.687836716528,192.168.1.6,192.168.1.14,52428,60376,152,72,4,int32_be,True,0.08388603732433535,3.0,3020.171826433992,2.0884188032080775e-13,-0.0004287757028989655
16_left_z,left_z,7,3,11545.687836716528,192.168.1.6,192.168.1.14,52428,60376,152,72,2,uint16_be,True,0.07702829269689022,2.0,6040.343652867984,-4.091427529729793e-09,-0.00028597161322611164
16_left_z,left_z,8,3,11545.687836716528,192.168.1.6,192.168.1.14,52428,60376,152,72,4,uint32_be,True,0.07702829269689022,2.0,3020.171826433992,-6.243022964065236e-14,-0.00028597161322611164
16_left_z,left_z,9,3,11545.687836716528,192.168.1.6,192.168.1.14,52428,60376,152,72,2,int16_be,False,0.07491800989890247,1.0,6040.343652867984,8.046767691018718e-07,-0.00021939659228525357
16_left_z,left_z,10,3,11545.687836716528,192.168.1.6,192.168.1.14,52428,60376,152,72,4,int32_be,False,0.07491800989890247,1.0,3020.171826433992,1.227839308321948e-11,-0.00021939659228525357
16_left_z,left_z,11,3,11545.687836716528,192.168.1.6,192.168.1.14,52428,60376,152,72,2,uint16_be,False,0.06284700657785308,2.0,6040.343652867984,4.883800721148488e-07,-0.014482643167143134
16_left_z,left_z,12,3,11545.687836716528,192.168.1.6,192.168.1.14,52428,60376,152,72,4,uint32_be,False,0.06284700657785308,2.0,3020.171826433992,7.452088502729015e-12,-0.014482643167143134
16_left_z,left_z,13,3,11545.687836716528,192.168.1.6,192.168.1.14,52428,60376,152,72,2,int16_le,False,0.02912836953568566,1.0,6040.343652867984,-9.97591695235486e-07,-0.0029081605951937024
16_left_z,left_z,14,3,11545.687836716528,192.168.1.6,192.168.1.14,52428,60376,152,72,2,uint16_le,False,0.028888149196666647,1.0,6040.343652867984,9.720479768559411e-07,-0.03403165465846447
16_left_z,left_z,15,3,11545.687836716528,192.168.1.6,192.168.1.14,52428,60376,152,72,4,int32_le,False,0.028888149196666647,1.0,3020.171826433992,9.720479768559411e-07,-0.03403165465846447
16_left_z,left_z,16,3,11545.687836716528,192.168.1.6,192.168.1.14,52428,60376,152,72,4,uint32_le,False,0.028888149196666647,1.0,3020.171826433992,9.720479768559411e-07,-0.03403165465846447
16_left_i,left_i,1,3,79.32420221258744,192.168.1.6,192.168.1.14,52428,60376,152,19,2,int16_be,False,0.7793192886579354,1.0,51.670429277417014,-1.6106763340909675e-05,-0.24424344660808853
16_left_i,left_i,2,3,79.32420221258744,192.168.1.6,192.168.1.14,52428,60376,152,19,4,int32_be,False,0.7793192886579354,1.0,25.835214638708507,-2.457697042985487e-10,-0.2442420757046782
16_left_i,left_i,3,3,79.32420221258744,192.168.1.6,192.168.1.14,52428,60376,152,19,2,uint16_be,False,0.6270168465476961,1.0,51.670429277417014,-1.1220854095345619e-05,0.5558487536560862
16_left_i,left_i,4,3,79.32420221258744,192.168.1.6,192.168.1.14,52428,60376,152,19,4,uint32_be,False,0.6270168465476961,1.0,25.835214638708507,-1.7121664574196796e-10,0.5558497087025361
16_left_i,left_i,5,3,79.32420221258744,192.168.1.6,192.168.1.14,52428,60376,152,19,2,uint16_be,True,0.15368685089646608,3.0,51.670429277417014,-9.989445214960273e-07,-0.0004913781677581363
16_left_i,left_i,6,3,79.32420221258744,192.168.1.6,192.168.1.14,52428,60376,152,19,4,uint32_be,True,0.15368685089646608,3.0,25.835214638708507,-1.5242683738647877e-11,-0.0004913781677581363
16_left_i,left_i,7,3,79.32420221258744,192.168.1.6,192.168.1.14,52428,60376,152,19,2,int16_be,True,0.13971396815660606,3.0,51.670429277417014,-0.0001250785562445933,0.004885659135132097
16_left_i,left_i,8,3,79.32420221258744,192.168.1.6,192.168.1.14,52428,60376,152,19,4,int32_be,True,0.13971396815660606,3.0,25.835214638708507,-1.9085473059782915e-09,0.004885659135132097
16_left_i,left_i,9,3,79.32420221258744,192.168.1.6,192.168.1.14,52428,60376,152,19,2,uint16_le,True,0.06855573130681192,1.0,51.670429277417014,7.153167080857599e-09,-0.0001442946209261351
16_left_i,left_i,10,3,79.32420221258744,192.168.1.6,192.168.1.14,52428,60376,152,19,4,float32_le,True,0.06855573130681192,1.0,25.835214638708507,-2.8612668323430402e-08,-0.00014429462092613603
16_left_i,left_i,11,3,79.32420221258744,192.168.1.6,192.168.1.14,52428,60376,152,19,4,int32_le,True,0.06855573130681192,1.0,25.835214638708507,7.153167080857599e-09,-0.0001442946209261351
16_left_i,left_i,12,3,79.32420221258744,192.168.1.6,192.168.1.14,52428,60376,152,19,4,uint32_le,True,0.06855573130681192,1.0,25.835214638708507,7.153167080857599e-09,-0.0001442946209261351
16_left_i,left_i,13,3,79.32420221258744,192.168.1.6,192.168.1.14,52428,60376,152,19,2,int16_le,True,0.06095983808450858,2.0,51.670429277417014,-9.382336591199576e-09,-0.0002873436358218949
16_left_i,left_i,14,3,79.32420221258744,192.168.1.6,192.168.1.14,52428,60376,152,19,2,int16_le,False,0.057925484859553546,1.0,51.670429277417014,9.243364573769998e-07,0.00013622334946924866
16_left_i,left_i,15,3,79.32420221258744,192.168.1.6,192.168.1.14,52428,60376,152,19,2,uint16_le,False,0.04146231504592001,2.0,51.670429277417014,4.6741919017650675e-07,-0.015296284811247394
16_left_i,left_i,16,3,79.32420221258744,192.168.1.6,192.168.1.14,52428,60376,152,19,4,int32_le,False,0.04146231504592001,2.0,25.835214638708507,4.674191901820814e-07,422.8090219265977
16_left_i,left_i,17,3,79.32420221258744,192.168.1.6,192.168.1.14,52428,60376,152,19,4,uint32_le,False,0.041462315045920003,2.0,25.835214638708507,4.6741919017502063e-07,-1584.7411134043077
16_left_i,left_i,18,3,79.32420221258744,192.168.1.6,192.168.1.14,52428,60376,152,19,4,float32_le,False,0.04146231504592,2.0,25.835214638708507,-1.8696767607055874e-06,-4.579581107873892
16_left_j,left_j,1,3,10930.307827046383,192.168.1.6,192.168.1.14,52428,60376,152,75,2,uint16_be,False,0.1336539850889263,1.0,5752.2030256695625,-5.747354222808371e-07,0.018766920209644867
16_left_j,left_j,2,3,10930.307827046383,192.168.1.6,192.168.1.14,52428,60376,152,75,4,uint32_be,False,0.13365398350525926,1.0,2876.1015128347813,-8.769763056538686e-12,0.018767061653257863
16_left_j,left_j,3,3,10930.307827046383,192.168.1.6,192.168.1.14,52428,60376,152,75,2,uint16_le,True,0.09476695215367852,2.0,5752.2030256695625,5.542293342072204e-08,-0.0002976203012529664
16_left_j,left_j,4,3,10930.307827046383,192.168.1.6,192.168.1.14,52428,60376,152,75,4,int32_le,True,0.08715302509606522,1.0,2876.1015128347813,1.983381781825138e-09,-0.00014461020100357965
16_left_j,left_j,5,3,10930.307827046383,192.168.1.6,192.168.1.14,52428,60376,152,75,4,uint32_le,True,0.08715302509606522,1.0,2876.1015128347813,1.983381781825138e-09,-0.00014461020100357965
16_left_j,left_j,6,3,10930.307827046383,192.168.1.6,192.168.1.14,52428,60376,152,75,4,int32_be,True,0.08649713195209935,2.0,2876.1015128347813,-8.278907552193238e-14,-0.00028877014333067864
16_left_j,left_j,7,3,10930.307827046383,192.168.1.6,192.168.1.14,52428,60376,152,75,2,int16_be,True,0.08649713095519108,2.0,5752.2030256695625,-5.425664464994008e-09,-0.0002887701433064664
16_left_j,left_j,8,3,10930.307827046383,192.168.1.6,192.168.1.14,52428,60376,152,75,2,int16_le,True,0.08484148597483311,3.0,5752.2030256695625,-3.3579293079379147e-08,-0.00043730031315375445
16_left_j,left_j,9,3,10930.307827046383,192.168.1.6,192.168.1.14,52428,60376,152,75,2,uint16_be,True,0.08396929429814194,1.0,5752.2030256695625,1.4384730297393084e-09,-0.00014434231707586033
16_left_j,left_j,10,3,10930.307827046383,192.168.1.6,192.168.1.14,52428,60376,152,75,4,uint32_be,True,0.08396929386959334,1.0,2876.1015128347813,2.194935858889403e-14,-0.00014434231708156824
16_left_j,left_j,11,3,10930.307827046383,192.168.1.6,192.168.1.14,52428,60376,152,75,2,uint16_le,False,0.06772393578726453,2.0,5752.2030256695625,1.9998425590082863e-06,-0.06958448989432656
16_left_j,left_j,12,3,10930.307827046383,192.168.1.6,192.168.1.14,52428,60376,152,75,2,int16_be,False,0.06767525149986835,1.0,5752.2030256695625,-1.052886572180084e-06,0.0006506603546232123
16_left_j,left_j,13,3,10930.307827046383,192.168.1.6,192.168.1.14,52428,60376,152,75,4,int32_be,False,0.0676752496210382,1.0,2876.1015128347813,-1.6065770221627823e-11,0.0006509331094486081
16_left_j,left_j,14,3,10930.307827046383,192.168.1.6,192.168.1.14,52428,60376,152,75,4,int32_le,False,0.06542809730544583,3.0,2876.1015128347813,-2.1670748699249367e-08,0.09499409262569833
16_left_j,left_j,15,3,10930.307827046383,192.168.1.6,192.168.1.14,52428,60376,152,75,4,uint32_le,False,0.06542809730544583,3.0,2876.1015128347813,-2.1670748699249367e-08,0.09499409262569833
16_left_j,left_j,16,3,10930.307827046383,192.168.1.6,192.168.1.14,52428,60376,152,75,2,int16_le,False,0.05729642222564415,3.0,5752.2030256695625,-4.2547255094265026e-07,-0.006620757975160245
16_left_k,left_k,1,3,10397.083109321204,192.168.1.6,192.168.1.14,52428,60376,152,78,2,int16_le,False,0.11492583351724629,1.0,5243.0661965485015,7.81118573213578e-07,0.00018928114860941706
16_left_k,left_k,2,3,10397.083109321204,192.168.1.6,192.168.1.14,52428,60376,152,78,2,uint16_be,False,0.10334959153312907,2.0,5243.0661965485015,-1.4567530913145312e-06,0.04863312387691206
16_left_k,left_k,3,3,10397.083109321204,192.168.1.6,192.168.1.14,52428,60376,152,78,4,uint32_be,False,0.1033493796346009,2.0,2621.5330982742507,-2.2228180529449498e-11,0.048633654178630775
16_left_k,left_k,4,3,10397.083109321204,192.168.1.6,192.168.1.14,52428,60376,152,78,2,uint16_le,False,0.10053551142723394,2.0,5243.0661965485015,1.5438769943152927e-06,-0.05214287710002065
16_left_k,left_k,5,3,10397.083109321204,192.168.1.6,192.168.1.14,52428,60376,152,78,4,float32_le,True,0.09569838376176025,3.0,2621.5330982742507,1.4036853483451218e-05,-0.00044764629569864965
16_left_k,left_k,6,3,10397.083109321204,192.168.1.6,192.168.1.14,52428,60376,152,78,2,uint16_be,True,0.0891437733255418,2.0,5243.0661965485015,-1.3679572168838695e-08,-0.0002864906044789142
16_left_k,left_k,7,3,10397.083109321204,192.168.1.6,192.168.1.14,52428,60376,152,78,4,uint32_be,True,0.0891436230929606,2.0,2621.5330982742507,-2.0872968216639026e-13,-0.0002864905346354095
16_left_k,left_k,8,3,10397.083109321204,192.168.1.6,192.168.1.14,52428,60376,152,78,4,int32_le,True,0.08900323773216266,2.0,2621.5330982742507,3.274783013062349e-11,-0.0002888886732006351
16_left_k,left_k,9,3,10397.083109321204,192.168.1.6,192.168.1.14,52428,60376,152,78,4,uint32_le,True,0.08900323773216266,2.0,2621.5330982742507,3.274783013062349e-11,-0.0002888886732006351
16_left_k,left_k,10,3,10397.083109321204,192.168.1.6,192.168.1.14,52428,60376,152,78,4,int32_be,False,0.08787240851644763,3.0,2621.5330982742507,-1.0425874845202196e-11,-0.000431263669069237
16_left_k,left_k,11,3,10397.083109321204,192.168.1.6,192.168.1.14,52428,60376,152,78,2,int16_be,False,0.08787237981654401,3.0,5243.0661965485015,-6.832773669754688e-07,-0.00043162739728565497
16_left_k,left_k,12,3,10397.083109321204,192.168.1.6,192.168.1.14,52428,60376,152,78,2,uint16_le,True,0.08640945416943334,3.0,5243.0661965485015,7.793079359825687e-09,-0.00042713196787854085
16_left_k,left_k,13,3,10397.083109321204,192.168.1.6,192.168.1.14,52428,60376,152,78,2,int16_le,True,0.08363485126949255,2.0,5243.0661965485015,-7.499722506572799e-09,-0.00028530466098084786
16_left_k,left_k,14,3,10397.083109321204,192.168.1.6,192.168.1.14,52428,60376,152,78,2,int16_be,True,0.08353733277904483,3.0,5243.0661965485015,-5.288201145235701e-09,-0.0004269691229460247
16_left_k,left_k,15,3,10397.083109321204,192.168.1.6,192.168.1.14,52428,60376,152,78,4,int32_be,True,0.08353730887516242,3.0,2621.5330982742507,-8.068590930778124e-14,-0.00042696910104643996
16_left_k,left_k,16,3,10397.083109321204,192.168.1.6,192.168.1.14,52428,60376,152,78,4,int32_le,False,0.054510265868541234,2.0,2621.5330982742507,-2.0609467537412679e-10,0.23137899549719115
16_left_k,left_k,17,3,10397.083109321204,192.168.1.6,192.168.1.14,52428,60376,152,78,4,uint32_le,False,0.054510265868541234,2.0,2621.5330982742507,-2.0609467537412679e-10,0.23137899549719115
16_left_k,left_k,18,3,10397.083109321204,192.168.1.6,192.168.1.14,52428,60376,152,78,4,float32_le,False,0.03608902028986652,2.0,2621.5330982742507,-5.973504164662827e-05,0.011334407819851337
16_left_w,left_w,1,3,10462.322376561508,192.168.1.6,192.168.1.14,52428,60376,152,82,2,int16_le,False,0.11316366511565411,3.0,5303.555973452168,5.14481229545327e-07,-0.00011942650335406984
16_left_w,left_w,2,3,10462.322376561508,192.168.1.6,192.168.1.14,52428,60376,152,82,2,uint16_be,False,0.1129418725660694,2.0,5303.555973452168,-2.3663450958198786e-07,0.007579987990406216
16_left_w,left_w,3,3,10462.322376561508,192.168.1.6,192.168.1.14,52428,60376,152,82,4,uint32_be,False,0.1129418162685026,2.0,2651.777986726084,-3.6107095520514538e-12,0.007580015830521262
16_left_w,left_w,4,3,10462.322376561508,192.168.1.6,192.168.1.14,52428,60376,152,82,4,int32_be,True,0.09270291451015451,2.0,2651.777986726084,-2.9937891540326255e-13,-0.00028798467104493986
16_left_w,left_w,5,3,10462.322376561508,192.168.1.6,192.168.1.14,52428,60376,152,82,2,int16_be,True,0.09270291169422011,2.0,5303.555973452168,-1.9620131777765645e-08,-0.00028798468604561677
16_left_w,left_w,6,3,10462.322376561508,192.168.1.6,192.168.1.14,52428,60376,152,82,2,uint16_le,True,0.09114848244408881,3.0,5303.555973452168,1.2546787319994843e-08,-0.0004269375133108549
16_left_w,left_w,7,3,10462.322376561508,192.168.1.6,192.168.1.14,52428,60376,152,82,4,uint32_be,True,0.08986357768132626,3.0,2651.777986726084,3.0489442213485907e-13,-0.00042756402154914085
16_left_w,left_w,8,3,10462.322376561508,192.168.1.6,192.168.1.14,52428,60376,152,82,2,uint16_be,True,0.08986353603706614,3.0,5303.555973452168,1.9981448991115134e-08,-0.00042756400227065736
16_left_w,left_w,9,3,10462.322376561508,192.168.1.6,192.168.1.14,52428,60376,152,82,2,int16_le,True,0.08799473579721084,2.0,5303.555973452168,5.516052764183488e-10,-0.000283891373756944
16_left_w,left_w,10,3,10462.322376561508,192.168.1.6,192.168.1.14,52428,60376,152,82,4,int32_be,False,0.08747514491893217,2.0,2651.777986726084,-1.5338889045403427e-11,0.0003574030113266372
16_left_w,left_w,11,3,10462.322376561508,192.168.1.6,192.168.1.14,52428,60376,152,82,2,int16_be,False,0.08747494933209866,2.0,5303.555973452168,-1.0052516173987694e-06,0.00035687069661153724
16_left_w,left_w,12,3,10462.322376561508,192.168.1.6,192.168.1.14,52428,60376,152,82,2,uint16_le,False,0.08212385293366353,2.0,5303.555973452168,-1.600249878948588e-06,0.05355636662779237
16_left_w,left_w,13,3,10462.322376561508,192.168.1.6,192.168.1.14,52428,60376,152,82,4,int32_le,True,0.08004293652496101,3.0,2651.777986726084,-8.377719621462236e-12,-0.0004254565407750908
16_left_w,left_w,14,3,10462.322376561508,192.168.1.6,192.168.1.14,52428,60376,152,82,4,uint32_le,True,0.08004293652496101,3.0,2651.777986726084,-8.377719621462236e-12,-0.0004254565407750908
16_left_w,left_w,15,3,10462.322376561508,192.168.1.6,192.168.1.14,52428,60376,152,82,4,float32_le,True,0.07456911382894588,2.0,2651.777986726084,1.8047502793914756e-06,-0.00028425264055525747
16_left_w,left_w,16,3,10462.322376561508,192.168.1.6,192.168.1.14,52428,60376,152,82,4,int32_le,False,0.05130442520124556,3.0,2651.777986726084,-1.463747438852724e-09,1.643034013857007
16_left_w,left_w,17,3,10462.322376561508,192.168.1.6,192.168.1.14,52428,60376,152,82,4,uint32_le,False,0.05130442520124556,3.0,2651.777986726084,-1.463747438852724e-09,1.643034013857007
16_left_w,left_w,18,3,10462.322376561508,192.168.1.6,192.168.1.14,52428,60376,152,82,4,float32_le,False,0.03589038189476063,1.0,2651.777986726084,2.939564397003294e-05,-0.005338161204922189
16_right_x,right_x,1,3,10532.646659580982,192.168.1.6,192.168.1.14,52428,60376,152,86,2,uint16_le,False,0.11709085133005699,3.0,5491.587308065217,1.4448880841984129e-07,-0.004599039220478442
16_right_x,right_x,2,3,10532.646659580982,192.168.1.6,192.168.1.14,52428,60376,152,86,2,int16_le,False,0.11506641035596553,1.0,5491.587308065217,-1.3815079200261178e-06,0.002141938406860102
16_right_x,right_x,3,3,10532.646659580982,192.168.1.6,192.168.1.14,52428,60376,152,86,2,int16_be,False,0.10073555766645385,2.0,5491.587308065217,2.043929149753072e-07,0.0001519489917390352
16_right_x,right_x,4,3,10532.646659580982,192.168.1.6,192.168.1.14,52428,60376,152,86,4,int32_be,False,0.10073521150765175,2.0,2745.7936540326086,3.1189147726811854e-12,0.00015186682858124651
16_right_x,right_x,5,3,10532.646659580982,192.168.1.6,192.168.1.14,52428,60376,152,86,2,uint16_be,False,0.09821048461308231,3.0,5491.587308065217,2.392899107756857e-07,-0.008035361640443228
16_right_x,right_x,6,3,10532.646659580982,192.168.1.6,192.168.1.14,52428,60376,152,86,4,uint32_be,False,0.09821046056108057,3.0,2745.7936540326086,3.651213752270511e-12,-0.008035331846666367
16_right_x,right_x,7,3,10532.646659580982,192.168.1.6,192.168.1.14,52428,60376,152,86,2,int16_le,True,0.0884228440871071,1.0,5491.587308065217,-6.306721307367702e-09,-0.0001423338388390539
16_right_x,right_x,8,3,10532.646659580982,192.168.1.6,192.168.1.14,52428,60376,152,86,2,uint16_le,True,0.08715658618792439,3.0,5491.587308065217,1.1913821389329048e-08,-0.00042517257450101927
16_right_x,right_x,9,3,10532.646659580982,192.168.1.6,192.168.1.14,52428,60376,152,86,2,uint16_be,True,0.08670909930490167,3.0,5491.587308065217,1.631235502140505e-09,-0.0004241783208462506
16_right_x,right_x,10,3,10532.646659580982,192.168.1.6,192.168.1.14,52428,60376,152,86,4,uint32_be,True,0.08670908055993219,3.0,2745.7936540326086,2.4889740600137588e-14,-0.00042417831990280763
16_right_x,right_x,11,3,10532.646659580982,192.168.1.6,192.168.1.14,52428,60376,152,86,2,int16_be,True,0.08580310958648814,2.0,5491.587308065217,8.678587334833266e-10,-0.00028299402959509586
16_right_x,right_x,12,3,10532.646659580982,192.168.1.6,192.168.1.14,52428,60376,152,86,4,int32_be,True,0.08580307967369165,2.0,2745.7936540326086,1.3242243839620621e-14,-0.0002829940291991048
16_right_x,right_x,13,3,10532.646659580982,192.168.1.6,192.168.1.14,52428,60376,152,86,4,float32_le,True,0.04319055495391655,3.0,2745.7936540326086,0.013562706644843214,-0.0004430088143445424
16_right_x,right_x,14,3,10532.646659580982,192.168.1.6,192.168.1.14,52428,60376,152,86,4,int32_le,True,0.04301164164851803,3.0,2745.7936540326086,-1.6817993880492305e-09,-0.0004339673832253535
16_right_x,right_x,15,3,10532.646659580982,192.168.1.6,192.168.1.14,52428,60376,152,86,4,uint32_le,True,0.04301164164851803,3.0,2745.7936540326086,-1.6817993880492305e-09,-0.0004339673832253535
16_right_x,right_x,16,3,10532.646659580982,192.168.1.6,192.168.1.14,52428,60376,152,86,4,float32_le,False,0.012355313658414099,1.0,2745.7936540326086,0.008576655876867931,0.018363423324637237
16_right_x,right_x,17,3,10532.646659580982,192.168.1.6,192.168.1.14,52428,60376,152,86,4,int32_le,False,0.012275709223468635,1.0,2745.7936540326086,-1.5572024221020431e-09,-1.6718086022823766
16_right_x,right_x,18,3,10532.646659580982,192.168.1.6,192.168.1.14,52428,60376,152,86,4,uint32_le,False,0.01227570922346863,1.0,2745.7936540326086,-1.5572024221028002e-09,5.016324873900326
16_right_y,right_y,1,3,11104.550624246622,192.168.1.6,192.168.1.14,52428,60376,152,90,2,int16_be,False,0.1405825124763786,3.0,5610.065238998502,2.8746227952461607e-06,-0.0012236832296698061
16_right_y,right_y,2,3,11104.550624246622,192.168.1.6,192.168.1.14,52428,60376,152,90,4,int32_be,False,0.1405822692963045,3.0,2805.032619499251,4.386331552512619e-11,-0.0012246559992681863
16_right_y,right_y,3,3,11104.550624246622,192.168.1.6,192.168.1.14,52428,60376,152,90,2,int16_le,False,0.13475314890608206,3.0,5610.065238998502,3.0017638008159037e-07,0.00011006531307286975
16_right_y,right_y,4,3,11104.550624246622,192.168.1.6,192.168.1.14,52428,60376,152,90,2,uint16_le,False,0.13320917671689406,3.0,5610.065238998502,-2.955650644564236e-07,0.009933112342583513
16_right_y,right_y,5,3,11104.550624246622,192.168.1.6,192.168.1.14,52428,60376,152,90,2,uint16_be,False,0.12536486223285678,2.0,5610.065238998502,-1.1750237440729712e-06,0.039064972878147315
16_right_y,right_y,6,3,11104.550624246622,192.168.1.6,192.168.1.14,52428,60376,152,90,4,uint32_be,False,0.12536468268686266,2.0,2805.032619499251,-1.7929372245053248e-11,0.03906522346607359
16_right_y,right_y,7,3,11104.550624246622,192.168.1.6,192.168.1.14,52428,60376,152,90,2,int16_be,True,0.09140618106351746,3.0,5610.065238998502,5.968390196098701e-09,-0.0004334312858718966
16_right_y,right_y,8,3,11104.550624246622,192.168.1.6,192.168.1.14,52428,60376,152,90,4,int32_be,True,0.09140617773385246,3.0,2805.032619499251,9.107173423286119e-14,-0.00043343128537165634
16_right_y,right_y,9,3,11104.550624246622,192.168.1.6,192.168.1.14,52428,60376,152,90,2,uint16_le,True,0.089348670824268,3.0,5610.065238998502,-6.684207571136838e-09,-0.0004339950730169234
16_right_y,right_y,10,3,11104.550624246622,192.168.1.6,192.168.1.14,52428,60376,152,90,2,int16_le,True,0.08843896967260818,3.0,5610.065238998502,9.483763982805359e-09,-0.00043428467179364253
16_right_y,right_y,11,3,11104.550624246622,192.168.1.6,192.168.1.14,52428,60376,152,90,4,uint32_be,True,0.08763453184168886,1.0,2805.032619499251,1.0598569161178719e-13,-0.00014588304544199088
16_right_y,right_y,12,3,11104.550624246622,192.168.1.6,192.168.1.14,52428,60376,152,90,2,uint16_be,True,0.08763446571066913,1.0,5610.065238998502,6.945854985898458e-09,-0.0001458830375816122
16_right_y,right_y,13,3,11104.550624246622,192.168.1.6,192.168.1.14,52428,60376,152,90,4,int32_le,True,0.06006499782324737,3.0,2805.032619499251,8.392437180892168e-10,-0.00046437946430405783
16_right_y,right_y,14,3,11104.550624246622,192.168.1.6,192.168.1.14,52428,60376,152,90,4,uint32_le,True,0.06006499782324737,3.0,2805.032619499251,8.392437180892168e-10,-0.00046437946430405783
16_right_y,right_y,15,3,11104.550624246622,192.168.1.6,192.168.1.14,52428,60376,152,90,4,float32_le,True,0.04791574484529654,3.0,2805.032619499251,0.006424265923467242,-0.00046172811113229294
16_right_y,right_y,16,3,11104.550624246622,192.168.1.6,192.168.1.14,52428,60376,152,90,4,float32_le,False,0.010300286387474171,3.0,2805.032619499251,0.0035064793682547386,-0.006805521527178397
16_right_y,right_y,17,3,11104.550624246622,192.168.1.6,192.168.1.14,52428,60376,152,90,4,int32_le,False,0.009582710471874555,3.0,2805.032619499251,5.810748546703842e-10,-0.6222994597643229
16_right_y,right_y,18,3,11104.550624246622,192.168.1.6,192.168.1.14,52428,60376,152,90,4,uint32_le,False,0.009582710471874555,3.0,2805.032619499251,5.810748546703842e-10,-0.6222994597643229
16_right_z,right_z,1,3,11957.277241990138,192.168.1.6,192.168.1.14,52428,60376,152,95,2,int16_be,False,0.09672591107560673,3.0,5996.927266754016,1.3796796595335627e-06,-0.0005464825586886409
16_right_z,right_z,2,3,11957.277241990138,192.168.1.6,192.168.1.14,52428,60376,152,95,4,int32_be,False,0.09672579701296889,3.0,2998.463633377008,2.105224826210519e-11,-0.0005472000080302251
16_right_z,right_z,3,3,11957.277241990138,192.168.1.6,192.168.1.14,52428,60376,152,95,4,uint32_be,False,0.09576074332781769,3.0,2998.463633377008,1.6076829394006717e-11,-0.03400950403644829
16_right_z,right_z,4,3,11957.277241990138,192.168.1.6,192.168.1.14,52428,60376,152,95,2,uint16_be,False,0.09576049706922114,3.0,5996.927266754016,1.0536113039327791e-06,-0.03400896316048415
16_right_z,right_z,5,3,11957.277241990138,192.168.1.6,192.168.1.14,52428,60376,152,95,4,int32_le,True,0.09238789360650553,2.0,2998.463633377008,4.270160779566415e-10,-0.0003026023315362657
16_right_z,right_z,6,3,11957.277241990138,192.168.1.6,192.168.1.14,52428,60376,152,95,4,uint32_le,True,0.09238789360650553,2.0,2998.463633377008,4.270160779566415e-10,-0.0003026023315362657
16_right_z,right_z,7,3,11957.277241990138,192.168.1.6,192.168.1.14,52428,60376,152,95,2,int16_be,True,0.09147634413190087,3.0,5996.927266754016,-1.0908130666996977e-08,-0.00042958412646380823
16_right_z,right_z,8,3,11957.277241990138,192.168.1.6,192.168.1.14,52428,60376,152,95,4,int32_be,True,0.09147631026669485,3.0,2998.463633377008,-1.6644018199239601e-13,-0.0004295840624956183
16_right_z,right_z,9,3,11957.277241990138,192.168.1.6,192.168.1.14,52428,60376,152,95,2,int16_le,True,0.08777278981752316,2.0,5996.927266754016,-1.3961146223083296e-09,-0.0002857032641449174
16_right_z,right_z,10,3,11957.277241990138,192.168.1.6,192.168.1.14,52428,60376,152,95,4,uint32_be,True,0.08537717338265721,3.0,2998.463633377008,2.1069331481746107e-13,-0.00042938289884681926
16_right_z,right_z,11,3,11957.277241990138,192.168.1.6,192.168.1.14,52428,60376,152,95,2,uint16_be,True,0.08537709224266106,3.0,5996.927266754016,1.3807725391858856e-08,-0.00042938284348752745
16_right_z,right_z,12,3,11957.277241990138,192.168.1.6,192.168.1.14,52428,60376,152,95,2,uint16_le,True,0.07548952544717802,3.0,5996.927266754016,-8.295619694273402e-09,-0.0004282598534177589
16_right_z,right_z,13,3,11957.277241990138,192.168.1.6,192.168.1.14,52428,60376,152,95,2,int16_le,False,0.07017285728488187,2.0,5996.927266754016,-3.098549204798906e-07,0.0001750153202515637
16_right_z,right_z,14,3,11957.277241990138,192.168.1.6,192.168.1.14,52428,60376,152,95,2,uint16_le,False,0.06393322594974572,3.0,5996.927266754016,-1.6624430680230445e-06,0.044415018352490634
16_right_z,right_z,15,3,11957.277241990138,192.168.1.6,192.168.1.14,52428,60376,152,95,4,int32_le,False,0.01923484526854972,3.0,2998.463633377008,-2.1645398835974327e-10,0.0018936986289327384
16_right_z,right_z,16,3,11957.277241990138,192.168.1.6,192.168.1.14,52428,60376,152,95,4,uint32_le,False,0.01923484526854972,3.0,2998.463633377008,-2.1645398835974327e-10,0.0018936986289327384
16_right_i,right_i,1,3,221.97248828394834,192.168.1.6,192.168.1.14,52428,60376,152,12,4,float32_be,False,0.1478969013925713,1.0,65.36748752601079,-6.394901217379559e-40,-0.0002082051282768643
16_right_i,right_i,2,3,221.97248828394834,192.168.1.6,192.168.1.14,52428,60376,152,12,4,int32_le,True,0.10355084370729091,3.0,65.36748752601079,7.780492022640925e-11,-0.0004489652419649324
16_right_i,right_i,3,3,221.97248828394834,192.168.1.6,192.168.1.14,52428,60376,152,12,4,uint32_le,True,0.10355084370729091,3.0,65.36748752601079,7.780492022640925e-11,-0.0004489652419649324
16_right_i,right_i,4,3,221.97248828394834,192.168.1.6,192.168.1.14,52428,60376,152,12,4,float32_be,True,0.08983891077911892,3.0,65.36748752601079,-8.802021135566647e-42,-0.0004282124996323476
16_right_i,right_i,5,3,221.97248828394834,192.168.1.6,192.168.1.14,52428,60376,152,12,4,float32_le,False,0.08856042649368417,1.0,65.36748752601079,-8.996533044270028e-31,-0.012186996194847163
16_right_i,right_i,6,3,221.97248828394834,192.168.1.6,192.168.1.14,52428,60376,152,12,4,float32_le,True,0.08525956472295478,3.0,65.36748752601079,-2.460388239462285e-33,-0.0004283273534563331
16_right_i,right_i,7,3,221.97248828394834,192.168.1.6,192.168.1.14,52428,60376,152,12,4,int32_be,True,0.07055137243202073,1.0,65.36748752601079,6.692783102019328e-14,-0.00014326024743490463
16_right_i,right_i,8,3,221.97248828394834,192.168.1.6,192.168.1.14,52428,60376,152,12,2,int16_be,True,0.07055137242342834,1.0,130.73497505202158,4.386182320256343e-09,-0.00014326024743275967
16_right_i,right_i,9,3,221.97248828394834,192.168.1.6,192.168.1.14,52428,60376,152,12,2,int16_le,True,0.06778852568555244,2.0,130.73497505202158,-3.6986354780811443e-06,-0.00028754106869405754
16_right_i,right_i,10,3,221.97248828394834,192.168.1.6,192.168.1.14,52428,60376,152,12,2,uint16_le,True,0.06778852568555244,2.0,130.73497505202158,-3.6986354780811443e-06,-0.00028754106869405754
16_right_i,right_i,11,3,221.97248828394834,192.168.1.6,192.168.1.14,52428,60376,152,12,2,uint16_be,True,0.06778852568555244,2.0,130.73497505202158,-1.444779483625447e-08,-0.00028754106869405754
16_right_i,right_i,12,3,221.97248828394834,192.168.1.6,192.168.1.14,52428,60376,152,12,4,uint32_be,True,0.0677885256691938,2.0,65.36748752601079,-2.204558533966939e-13,-0.0002875410686869588
16_right_i,right_i,13,3,221.97248828394834,192.168.1.6,192.168.1.14,52428,60376,152,12,4,int32_le,False,0.06712181557808877,1.0,65.36748752601079,8.302300474221029e-10,0.2661557519263975
16_right_i,right_i,14,3,221.97248828394834,192.168.1.6,192.168.1.14,52428,60376,152,12,4,uint32_le,False,0.06712181557808877,1.0,65.36748752601079,8.302300474221377e-10,-3.2996551499082036
16_right_i,right_i,15,3,221.97248828394834,192.168.1.6,192.168.1.14,52428,60376,152,12,2,int16_be,False,0.05260675831665466,1.0,130.73497505202158,3.4500782558436336e-07,-1.305873817412697e-05
16_right_i,right_i,16,3,221.97248828394834,192.168.1.6,192.168.1.14,52428,60376,152,12,4,int32_be,False,0.052606758302288226,1.0,65.36748752601079,5.2644016596521284e-12,-1.3059985328090561e-05
16_right_i,right_i,17,3,221.97248828394834,192.168.1.6,192.168.1.14,52428,60376,152,12,4,uint32_be,False,0.04560717615972337,2.0,65.36748752601079,-7.974793894311764e-12,0.01744501967928329
16_right_i,right_i,18,3,221.97248828394834,192.168.1.6,192.168.1.14,52428,60376,152,12,2,int16_le,False,0.045607176133249744,2.0,130.73497505202158,-0.00013379484003874257,0.017445017831633367
16_right_i,right_i,19,3,221.97248828394834,192.168.1.6,192.168.1.14,52428,60376,152,12,2,uint16_le,False,0.045607176133249744,2.0,130.73497505202158,-0.00013379484003874257,0.017445017831633367
16_right_i,right_i,20,3,221.97248828394834,192.168.1.6,192.168.1.14,52428,60376,152,12,2,uint16_be,False,0.045607176133249744,2.0,130.73497505202158,-5.226360939013382e-07,0.017445017831633367
16_right_j,right_j,1,3,10978.2593569599,192.168.1.6,192.168.1.14,52428,60376,152,98,2,int16_be,False,0.13066925307605218,3.0,5517.111117864283,1.344006737663727e-06,0.00040942151365092484
16_right_j,right_j,2,3,10978.2593569599,192.168.1.6,192.168.1.14,52428,60376,152,98,4,int32_be,False,0.13066904531326642,3.0,2758.5555589321416,2.050783047657118e-11,0.0004086986012286313
16_right_j,right_j,3,3,10978.2593569599,192.168.1.6,192.168.1.14,52428,60376,152,98,4,uint32_be,False,0.11470520370915564,3.0,2758.5555589321416,-2.7264188060942097e-11,0.05939787667062645
16_right_j,right_j,4,3,10978.2593569599,192.168.1.6,192.168.1.14,52428,60376,152,98,2,uint16_be,False,0.11470500014047473,3.0,5517.111117864283,-1.7867801726054319e-06,0.05939672982059536
16_right_j,right_j,5,3,10978.2593569599,192.168.1.6,192.168.1.14,52428,60376,152,98,2,uint16_le,False,0.0924210959813978,1.0,5517.111117864283,-2.2254620104073485e-06,0.07243534267586826
16_right_j,right_j,6,3,10978.2593569599,192.168.1.6,192.168.1.14,52428,60376,152,98,4,int32_le,True,0.08876063494070646,3.0,2758.5555589321416,-2.938379050948868e-11,-0.00042730080218121715
16_right_j,right_j,7,3,10978.2593569599,192.168.1.6,192.168.1.14,52428,60376,152,98,4,uint32_le,True,0.08876063494070646,3.0,2758.5555589321416,-2.938379050948868e-11,-0.00042730080218121715
16_right_j,right_j,8,3,10978.2593569599,192.168.1.6,192.168.1.14,52428,60376,152,98,4,int32_be,True,0.08828686585372336,3.0,2758.5555589321416,1.3448430367153506e-13,-0.0004257374355575396
16_right_j,right_j,9,3,10978.2593569599,192.168.1.6,192.168.1.14,52428,60376,152,98,2,int16_be,True,0.0882868442986227,3.0,5517.111117864283,8.8134512031055e-09,-0.0004257374227642513
16_right_j,right_j,10,3,10978.2593569599,192.168.1.6,192.168.1.14,52428,60376,152,98,2,uint16_be,True,0.08658777618627254,3.0,5517.111117864283,-3.806225944612156e-09,-0.00042541509101054194
16_right_j,right_j,11,3,10978.2593569599,192.168.1.6,192.168.1.14,52428,60376,152,98,4,uint32_be,True,0.08658775154471632,3.0,2758.5555589321416,-5.807658581159306e-14,-0.00042541508975735753
16_right_j,right_j,12,3,10978.2593569599,192.168.1.6,192.168.1.14,52428,60376,152,98,2,uint16_le,True,0.08601121243562675,3.0,5517.111117864283,-7.495139977645815e-09,-0.0004255450102877356
16_right_j,right_j,13,3,10978.2593569599,192.168.1.6,192.168.1.14,52428,60376,152,98,2,int16_le,True,0.08541846463914328,1.0,5517.111117864283,1.0688094027791875e-10,-0.0001420058994339693
16_right_j,right_j,14,3,10978.2593569599,192.168.1.6,192.168.1.14,52428,60376,152,98,4,float32_le,True,0.08210197995623791,2.0,2758.5555589321416,2.476886238612944e-06,-0.0002846915019068573
16_right_j,right_j,15,3,10978.2593569599,192.168.1.6,192.168.1.14,52428,60376,152,98,2,int16_le,False,0.08209488937791747,1.0,5517.111117864283,6.141456276142288e-07,-0.001236553509163187
16_right_j,right_j,16,3,10978.2593569599,192.168.1.6,192.168.1.14,52428,60376,152,98,4,int32_le,False,0.048024141564287776,1.0,2758.5555589321416,4.5368681700577636e-11,-0.050917143773667815
16_right_j,right_j,17,3,10978.2593569599,192.168.1.6,192.168.1.14,52428,60376,152,98,4,uint32_le,False,0.048024141564287776,1.0,2758.5555589321416,4.5368681700577636e-11,-0.050917143773667815
16_right_j,right_j,18,3,10978.2593569599,192.168.1.6,192.168.1.14,52428,60376,152,98,4,float32_le,False,0.02432625869958843,1.0,2758.5555589321416,1.576650976063764e-05,-0.0028971368081572068
16_right_k,right_k,1,3,10537.43864630452,192.168.1.6,192.168.1.14,52428,60376,152,103,4,int32_be,False,0.11716863745017612,3.0,2686.224513507217,-1.5623196711866262e-11,-0.0003047124998231237
16_right_k,right_k,2,3,10537.43864630452,192.168.1.6,192.168.1.14,52428,60376,152,103,2,int16_be,False,0.11716863330676212,3.0,5372.449027014434,-1.02388183591272e-06,-0.0003049774614091248
16_right_k,right_k,3,3,10537.43864630452,192.168.1.6,192.168.1.14,52428,60376,152,103,2,uint16_be,False,0.11365561765988207,3.0,5372.449027014434,-1.1177850438410588e-06,0.03791737337728203
16_right_k,right_k,4,3,10537.43864630452,192.168.1.6,192.168.1.14,52428,60376,152,103,4,uint32_be,False,0.11365561237420992,3.0,2686.224513507217,-1.7056045893566847e-11,0.03791766195012877
16_right_k,right_k,5,3,10537.43864630452,192.168.1.6,192.168.1.14,52428,60376,152,103,2,int16_le,True,0.0871115421631618,3.0,5372.449027014434,-5.095565887074971e-09,-0.00042429211013496993
16_right_k,right_k,6,3,10537.43864630452,192.168.1.6,192.168.1.14,52428,60376,152,103,4,uint32_be,True,0.0865037230868389,3.0,2686.224513507217,-8.162815173289408e-15,-0.0004241716580105341
16_right_k,right_k,7,3,10537.43864630452,192.168.1.6,192.168.1.14,52428,60376,152,103,2,uint16_be,True,0.08650372305944894,3.0,5372.449027014434,-5.349559525507085e-10,-0.00042417165806851384
16_right_k,right_k,8,3,10537.43864630452,192.168.1.6,192.168.1.14,52428,60376,152,103,2,int16_be,True,0.08474928250302248,2.0,5372.449027014434,3.0324802846798027e-09,-0.0002830909032055384
16_right_k,right_k,9,3,10537.43864630452,192.168.1.6,192.168.1.14,52428,60376,152,103,4,int32_be,True,0.08474928210664202,2.0,2686.224513507217,4.627195489769541e-14,-0.0002830909031065976
16_right_k,right_k,10,3,10537.43864630452,192.168.1.6,192.168.1.14,52428,60376,152,103,4,int32_le,True,0.0840550371850472,2.0,2686.224513507217,-6.006926246796035e-09,-0.0002849935635598524
16_right_k,right_k,11,3,10537.43864630452,192.168.1.6,192.168.1.14,52428,60376,152,103,4,uint32_le,True,0.0840550371850472,2.0,2686.224513507217,-6.006926246796035e-09,-0.0002849935635598524
16_right_k,right_k,12,3,10537.43864630452,192.168.1.6,192.168.1.14,52428,60376,152,103,2,uint16_le,True,0.08146246314313088,3.0,5372.449027014434,-1.0771263145427848e-10,-0.00042418964605456277
16_right_k,right_k,13,3,10537.43864630452,192.168.1.6,192.168.1.14,52428,60376,152,103,2,int16_le,False,0.07071346431216179,1.0,5372.449027014434,-1.5097637120620022e-06,-0.02349589365602881
16_right_k,right_k,14,3,10537.43864630452,192.168.1.6,192.168.1.14,52428,60376,152,103,2,uint16_le,False,0.05872532280939391,1.0,5372.449027014434,1.6291208615797733e-06,-0.05945128591746276
16_right_k,right_k,15,3,10537.43864630452,192.168.1.6,192.168.1.14,52428,60376,152,103,4,int32_le,False,0.054198493711726616,1.0,2686.224513507217,1.1527000371513697e-07,-0.5046573177670319
16_right_k,right_k,16,3,10537.43864630452,192.168.1.6,192.168.1.14,52428,60376,152,103,4,uint32_le,False,0.054198493711726616,1.0,2686.224513507217,1.1527000371513697e-07,-0.5046573177670319
16_right_w,right_w,1,3,10760.443970786055,192.168.1.6,192.168.1.14,52428,60376,152,106,2,uint16_le,False,0.15619281463719936,2.0,5655.973159044047,1.2363591601452244e-06,-0.03957943963463108
16_right_w,right_w,2,3,10760.443970786055,192.168.1.6,192.168.1.14,52428,60376,152,106,2,uint16_be,False,0.1399025962134072,2.0,5655.973159044047,3.2438452846428477e-06,-0.10923259938295783
16_right_w,right_w,3,3,10760.443970786055,192.168.1.6,192.168.1.14,52428,60376,152,106,4,uint32_be,False,0.13990258748139522,2.0,2827.9865795220235,4.94969557706783e-11,-0.10923399782348799
16_right_w,right_w,4,3,10760.443970786055,192.168.1.6,192.168.1.14,52428,60376,152,106,4,int32_be,False,0.12224040078074323,2.0,2827.9865795220235,-6.542776223244847e-11,0.005430388234138474
16_right_w,right_w,5,3,10760.443970786055,192.168.1.6,192.168.1.14,52428,60376,152,106,2,int16_be,False,0.12224001542562835,2.0,5655.973159044047,-4.287859176682038e-06,0.005427951793030252
16_right_w,right_w,6,3,10760.443970786055,192.168.1.6,192.168.1.14,52428,60376,152,106,2,int16_le,False,0.11639255541087856,2.0,5655.973159044047,-1.0146331249162648e-07,0.00015825728219653407
16_right_w,right_w,7,3,10760.443970786055,192.168.1.6,192.168.1.14,52428,60376,152,106,4,int32_le,True,0.09670780890050427,3.0,2827.9865795220235,-8.97121271636601e-11,-0.00043515788336939026
16_right_w,right_w,8,3,10760.443970786055,192.168.1.6,192.168.1.14,52428,60376,152,106,4,uint32_le,True,0.09670780890050427,3.0,2827.9865795220235,-8.97121271636601e-11,-0.00043515788336939026
16_right_w,right_w,9,3,10760.443970786055,192.168.1.6,192.168.1.14,52428,60376,152,106,4,float32_le,True,0.09515972997470944,3.0,2827.9865795220235,-1.4258284328505294e-05,-0.00043800913817482174
16_right_w,right_w,10,3,10760.443970786055,192.168.1.6,192.168.1.14,52428,60376,152,106,4,uint32_be,True,0.08884950586635454,3.0,2827.9865795220235,4.355522077373609e-14,-0.0004175532627393003
16_right_w,right_w,11,3,10760.443970786055,192.168.1.6,192.168.1.14,52428,60376,152,106,2,uint16_be,True,0.08884944224512333,3.0,5655.973159044047,2.8545067745250892e-09,-0.00041755326499182306
16_right_w,right_w,12,3,10760.443970786055,192.168.1.6,192.168.1.14,52428,60376,152,106,2,uint16_le,True,0.08641898922849545,2.0,5655.973159044047,-7.594857944102889e-10,-0.00027859158901842894
16_right_w,right_w,13,3,10760.443970786055,192.168.1.6,192.168.1.14,52428,60376,152,106,2,int16_le,True,0.08517818443339159,2.0,5655.973159044047,5.131201818766041e-09,-0.0002789230807570376
16_right_w,right_w,14,3,10760.443970786055,192.168.1.6,192.168.1.14,52428,60376,152,106,4,int32_be,True,0.08305748011644183,2.0,2827.9865795220235,-1.1014823764281854e-13,-0.00027854400204398546
16_right_w,right_w,15,3,10760.443970786055,192.168.1.6,192.168.1.14,52428,60376,152,106,2,int16_be,True,0.08305747359896372,2.0,5655.973159044047,-7.218585664126046e-09,-0.0002785439971831071
16_right_w,right_w,16,3,10760.443970786055,192.168.1.6,192.168.1.14,52428,60376,152,106,4,int32_le,False,0.04791821164016727,3.0,2827.9865795220235,1.005767244460521e-10,-0.11282720710738194
16_right_w,right_w,17,3,10760.443970786055,192.168.1.6,192.168.1.14,52428,60376,152,106,4,uint32_le,False,0.04791821164016727,3.0,2827.9865795220235,1.005767244460521e-10,-0.11282720710738194
16_right_w,right_w,18,3,10760.443970786055,192.168.1.6,192.168.1.14,52428,60376,152,106,4,float32_le,False,0.03091232749710938,3.0,2827.9865795220235,-2.1083687798861916e-05,0.0036357072145750484
